B2/final_contigs/B0993986_S01_L001_contigs.fa	neisseria	10314	abcZ(126)	adk(39)	aroE(170)	fumC(111)	gdh(146)	pdhC(153)	pgm(65)
B2/final_contigs/B0994486_S01_L001_contigs.fa	neisseria	10314	abcZ(126)	adk(39)	aroE(170)	fumC(111)	gdh(146)	pdhC(153)	pgm(65)
B2/final_contigs/B0994811_S01_L001_contigs.fa	neisseria	10314	abcZ(126)	adk(39)	aroE(170)	fumC(111)	gdh(146)	pdhC(153)	pgm(65)
B2/final_contigs/B0994850_S01_L001_contigs.fa	neisseria	10314	abcZ(126)	adk(39)	aroE(170)	fumC(111)	gdh(146)	pdhC(153)	pgm(65)
B2/final_contigs/B1180909_S01_L001_contigs.fa	neisseria	10314	abcZ(126)	adk(39)	aroE(170)	fumC(111)	gdh(146)	pdhC(153)	pgm(65)
B2/final_contigs/B1180975_S01_L001_contigs.fa	neisseria	10314	abcZ(126)	adk(39)	aroE(170)	fumC(111)	gdh(146)	pdhC(153)	pgm(65)
B2/final_contigs/B1181150_S01_L001_contigs.fa	neisseria	10314	abcZ(126)	adk(39)	aroE(170)	fumC(111)	gdh(146)	pdhC(153)	pgm(65)
B2/final_contigs/B1181151_S01_L001_contigs.fa	neisseria	10314	abcZ(126)	adk(39)	aroE(170)	fumC(111)	gdh(146)	pdhC(153)	pgm(65)
B2/final_contigs/B1181158_S01_L001_contigs.fa	neisseria	10314	abcZ(126)	adk(39)	aroE(170)	fumC(111)	gdh(146)	pdhC(153)	pgm(65)
B2/final_contigs/B1181159_S01_L001_contigs.fa	neisseria	10314	abcZ(126)	adk(39)	aroE(170)	fumC(111)	gdh(146)	pdhC(153)	pgm(65)
B2/final_contigs/B1181507_S01_L001_contigs.fa	neisseria	10314	abcZ(126)	adk(39)	aroE(170)	fumC(111)	gdh(146)	pdhC(153)	pgm(65)
B2/final_contigs/B1181903_S01_L001_contigs.fa	neisseria	10314	abcZ(126)	adk(39)	aroE(170)	fumC(111)	gdh(146)	pdhC(153)	pgm(65)
B2/final_contigs/B1182033_S01_L001_contigs.fa	neisseria	10314	abcZ(126)	adk(39)	aroE(170)	fumC(111)	gdh(146)	pdhC(153)	pgm(65)
B2/final_contigs/B1182034_S01_L001_contigs.fa	neisseria	10314	abcZ(126)	adk(39)	aroE(170)	fumC(111)	gdh(146)	pdhC(153)	pgm(65)
B2/final_contigs/B1182882_S01_L001_contigs.fa	neisseria	10314	abcZ(126)	adk(39)	aroE(170)	fumC(111)	gdh(146)	pdhC(153)	pgm(65)
B2/final_contigs/B1182969_S01_L001_contigs.fa	neisseria	10314	abcZ(126)	adk(39)	aroE(170)	fumC(111)	gdh(146)	pdhC(153)	pgm(65)
B2/final_contigs/B1182970_S01_L001_contigs.fa	neisseria	10314	abcZ(126)	adk(39)	aroE(170)	fumC(111)	gdh(146)	pdhC(153)	pgm(65)
B2/final_contigs/B1183043_S01_L001_contigs.fa	neisseria	10314	abcZ(126)	adk(39)	aroE(170)	fumC(111)	gdh(146)	pdhC(153)	pgm(65)
B2/final_contigs/B1183088_S01_L001_contigs.fa	neisseria	10314	abcZ(126)	adk(39)	aroE(170)	fumC(111)	gdh(146)	pdhC(153)	pgm(65)
B2/final_contigs/B1220214_S01_L001_contigs.fa	neisseria	10314	abcZ(126)	adk(39)	aroE(170)	fumC(111)	gdh(146)	pdhC(153)	pgm(65)
B2/final_contigs/B1299860_S01_L001_contigs.fa	neisseria	10314	abcZ(126)	adk(39)	aroE(170)	fumC(111)	gdh(146)	pdhC(153)	pgm(65)
B2/final_contigs/B1330897_S01_L001_contigs.fa	neisseria	10314	abcZ(126)	adk(39)	aroE(170)	fumC(111)	gdh(146)	pdhC(153)	pgm(65)
B2/final_contigs/B1330898_S01_L001_contigs.fa	neisseria	10314	abcZ(126)	adk(39)	aroE(170)	fumC(111)	gdh(146)	pdhC(153)	pgm(65)
B2/final_contigs/B1349086_S01_L001_contigs.fa	neisseria	10314	abcZ(126)	adk(39)	aroE(170)	fumC(111)	gdh(146)	pdhC(153)	pgm(65)
B2/final_contigs/B1354959_S01_L001_contigs.fa	neisseria	10314	abcZ(126)	adk(39)	aroE(170)	fumC(111)	gdh(146)	pdhC(153)	pgm(65)
B2/final_contigs/B1367104_S01_L001_contigs.fa	neisseria	10314	abcZ(126)	adk(39)	aroE(170)	fumC(111)	gdh(146)	pdhC(153)	pgm(65)
B2/final_contigs/B1367106_S01_L001_contigs.fa	neisseria	10314	abcZ(126)	adk(39)	aroE(170)	fumC(111)	gdh(146)	pdhC(153)	pgm(65)
B2/final_contigs/B1367131_S01_L001_contigs.fa	neisseria	10314	abcZ(126)	adk(39)	aroE(170)	fumC(111)	gdh(146)	pdhC(153)	pgm(65)
B2/final_contigs/B1399833_S01_L001_contigs.fa	neisseria	10314	abcZ(126)	adk(39)	aroE(170)	fumC(111)	gdh(146)	pdhC(153)	pgm(65)
B2/final_contigs/B1838859_S01_L001_contigs.fa	neisseria	10314	abcZ(126)	adk(39)	aroE(170)	fumC(111)	gdh(146)	pdhC(153)	pgm(65)
B2/final_contigs/B2092301_S01_L001_contigs.fa	neisseria	10314	abcZ(126)	adk(39)	aroE(170)	fumC(111)	gdh(146)	pdhC(153)	pgm(65)
B2/final_contigs/B2092354_S01_L001_contigs.fa	neisseria	10314	abcZ(126)	adk(39)	aroE(170)	fumC(111)	gdh(146)	pdhC(153)	pgm(65)
B2/final_contigs/B2092391_S01_L001_contigs.fa	neisseria	10314	abcZ(126)	adk(39)	aroE(170)	fumC(111)	gdh(146)	pdhC(153)	pgm(65)
B2/final_contigs/B2541877_S01_L001_contigs.fa	neisseria	10314	abcZ(126)	adk(39)	aroE(170)	fumC(111)	gdh(146)	pdhC(153)	pgm(65)
